#_pos,Jugador,Equipo,TS%,eFG%,Total S %,ORB%,DRB%,TRB%,AST%,TOV%,STL%,BLK%,USG%,PPR,PPS,ORtg,DRtg,eDiff,FIC,PER,Posición,#_totales,GP,MIN,PTS,FGM,FGA,FG%,3PM,3PA,3P%,FTM,FTA,FT%,ORB,DRB,REB,AST,STL,BLK,TOV,PF,#,Dbl Dbl,Tpl Dbl,40 Pts,20 Reb,20 Ast,5 Stl,5 Blk,High Game,Techs,HOB,Ast/TO,Stl/TO,FT/FGA,W's,L's,Win %,OWS,DWS,WS
27,A.J. Durham,SJG,.536,.453,159.3,1.3,7.8,4.5,22.4,16.2,0.8,0.5,24.7,-1.5,1.3,102.1,117.7,-15.6,32.9,11.3,Escolta (SG),22,8,201.0,94,30,75,.400,8,27,.296,26,29,.897,2,12,14,21,3,1,17,26,18,0,0,0,0,0,0,0,22,0,.255,1.2,0.2,0.4,2,6,.250,0.0,0.1,0.1
22,A.J. Slaughter,ZAR,.521,.518,179.5,3.7,2.9,3.3,13.0,11.4,1.5,0.0,24.5,-0.9,1.0,106.2,121.9,-15.6,36.4,12.6,Escolta (SG),31,8,176.2,89,35,85,.412,18,47,.383,1,1,1.000,5,4,9,14,5,0,11,9,56,0,0,0,0,0,0,0,15,0,.184,1.3,0.5,0.0,4,4,.500,0.1,-0.1,0.1
14,Aaron Doornekamp,TEN,.718,.645,186.5,4.0,23.4,13.8,6.3,9.6,1.9,0.7,13.6,0.0,1.7,142.3,110.7,31.6,47.1,16.0,Ala-Pívot (PF),93,7,153.4,54,14,31,.452,12,25,.480,14,15,.933,4,24,28,6,5,1,4,16,137,0,0,0,0,0,0,0,17,0,.100,1.5,1.3,0.5,6,1,.857,0.6,0.2,0.7
18,Adam Hanga,JOV,.524,.500,150.9,4.1,15.0,10.2,11.7,14.9,0.8,2.0,15.8,0.2,1.1,105.6,110.2,-4.6,30.4,9.5,Alero (SF),123,7,148.5,42,15,37,.405,7,18,.389,5,7,.714,4,19,23,11,2,3,7,17,111,0,0,0,0,0,0,0,12,0,.123,1.6,0.3,0.2,4,3,.571,0.1,0.2,0.3
10,Alberto Abalde,RMB,.565,.477,167.9,3.8,9.3,6.9,7.0,5.5,2.1,0.0,16.6,1.1,1.3,126.5,108.4,18.1,36.9,14.0,Alero (SF),87,8,156.9,58,17,43,.395,7,18,.389,17,19,.895,4,13,17,7,6,0,3,11,136,0,0,0,0,0,0,0,16,0,.101,2.3,2.0,0.4,6,2,.750,0.4,0.2,0.7
34,Aleix Font,LBC,.458,.435,137.0,6.5,4.8,5.7,11.7,12.5,0.5,0.0,22.5,-1.5,1.0,95.0,127.9,-32.9,10.4,6.2,Escolta (SG),117,7,113.4,45,17,46,.370,6,21,.286,5,7,.714,6,4,10,8,1,0,7,17,116,0,0,0,0,0,0,0,11,0,.118,1.1,0.1,0.2,2,5,.286,-0.1,-0.1,-0.2
22,Aleksandar Aranitovic,BRE,.410,.371,131.0,4.7,19.4,11.5,8.6,13.4,2.5,0.7,20.4,-2.7,0.9,83.2,109.3,-26.1,29.6,7.9,Alero (SF),96,8,170.2,53,18,58,.310,7,21,.333,10,15,.667,7,25,32,8,8,1,10,14,108,0,0,0,0,0,0,0,17,0,.125,0.8,0.8,0.3,2,6,.250,-0.4,0.2,-0.2
5,Amine Noua,GRA,.600,.532,166.3,5.0,19.7,11.6,7.7,16.2,3.5,3.3,26.6,-6.8,1.5,106.3,103.6,2.7,66.9,19.3,Ala-Pívot (PF),10,8,194.9,112,36,77,.468,10,26,.385,30,37,.811,8,26,34,7,13,6,18,18,36,0,0,0,0,0,0,0,19,0,.207,0.4,0.7,0.5,2,6,.250,0.2,0.4,0.6
26,Andrew Albicy,GCN,.674,.667,158.6,2.1,9.6,5.7,19.9,24.1,2.2,0.0,13.5,1.6,1.5,116.4,111.3,5.1,46.9,12.7,Base (PG),107,8,179.4,51,17,33,.515,10,23,.435,7,11,.636,3,13,16,22,7,0,12,10,67,0,0,0,0,0,0,0,11,0,.171,1.8,0.6,0.3,5,3,.625,0.3,0.2,0.5
4,Ante Tomic,JOV,.650,.618,134.2,9.0,22.2,16.4,24.5,13.9,1.2,0.0,25.2,1.3,1.5,126.0,106.9,19.1,88.4,24.5,Pívot (C),13,7,185.9,105,42,68,.618,0,1,.000,21,29,.724,11,35,46,23,4,0,13,12,7,1,0,0,0,0,0,0,22,0,.307,1.8,0.3,0.4,4,3,.571,0.8,0.3,1.1
15,Artem Pustovyi,JOV,.627,.500,138.9,12.0,9.1,10.3,9.9,22.6,1.2,6.2,22.3,-6.6,1.7,111.9,111.1,0.9,36.1,15.8,Pívot (C),81,8,139.3,60,18,36,.500,0,1,.000,24,27,.889,11,11,22,8,3,9,14,24,126,0,0,0,0,0,0,0,15,0,.111,0.6,0.2,0.8,4,4,.500,0.2,0.2,0.4
19,Augusto Lima,LBC,.545,.500,126.9,11.9,24.2,17.8,18.0,22.7,1.7,1.5,17.9,-1.7,1.2,104.9,119.1,-14.2,52.1,13.5,Pívot (C),99,8,157.1,52,21,42,.500,0,0,.000,10,13,.769,15,28,43,17,5,2,14,19,73,0,0,0,0,0,0,0,12,0,.162,1.2,0.4,0.3,2,6,.250,0.1,0.0,0.1
20,Beka Burjanadze,LBC,.587,.577,144.6,7.7,18.2,12.7,7.8,9.8,0.8,0.6,16.9,-0.5,1.5,117.4,122.8,-5.4,51.6,13.1,Ala-Pívot (PF),53,8,193.8,76,27,52,.519,6,16,.375,16,29,.552,12,26,38,9,3,1,7,24,82,0,0,0,0,0,0,0,14,0,.153,1.3,0.4,0.6,2,6,.250,0.4,-0.1,0.3
9,Ben Lammers,AND,.601,.583,128.3,7.8,23.6,16.4,5.7,14.7,2.1,9.6,16.1,-2.8,1.3,114.8,104.4,10.4,73.8,18.9,Pívot (C),75,7,175.0,63,28,48,.583,0,0,.000,7,10,.700,10,36,46,6,7,15,9,11,75,0,0,0,0,0,0,1,15,0,.160,0.7,0.8,0.2,3,4,.429,0.3,0.4,0.6
3,Bojan Dubljevic,ZAR,.811,.786,203.0,9.2,18.1,13.7,11.0,17.2,0.5,0.6,21.2,-3.6,2.0,140.8,118.8,22.1,95.3,25.3,Pívot (C),4,8,197.3,125,41,63,.651,17,30,.567,26,32,.813,14,28,42,13,2,1,16,11,39,0,0,0,0,0,0,0,22,0,.202,0.8,0.1,0.5,4,4,.500,1.1,0.0,1.1
31,Brancou Badio,VAL,.454,.390,138.3,3.7,9.6,6.4,20.8,11.1,1.5,0.7,18.5,4.8,1.0,114.5,112.4,2.1,33.0,11.0,Base (PG),106,7,143.4,51,16,50,.320,7,34,.206,12,14,.857,5,11,16,21,4,1,7,15,74,0,0,0,0,0,0,0,10,0,.162,3.0,0.6,0.3,5,2,.714,0.2,0.1,0.4
13,Brandon Taylor,LBC,.548,.493,177.3,1.3,8.9,4.9,52.0,21.1,2.7,0.0,22.9,9.9,1.2,114.0,120.9,-7.0,78.6,17.1,Base (PG),35,8,198.4,86,28,71,.394,14,32,.438,16,17,.941,2,13,15,61,10,0,21,19,2,0,0,0,0,0,1,0,20,0,.379,2.9,0.5,0.2,2,6,.250,0.5,-0.1,0.4
15,Bruno Fitipaldo,TEN,.630,.546,171.3,1.6,6.1,3.9,35.8,18.5,0.9,0.0,20.8,7.2,1.5,127.4,117.6,9.8,62.4,17.0,Base (PG),43,7,193.6,83,22,54,.407,15,36,.417,24,27,.889,2,8,10,42,3,0,15,16,5,0,0,0,0,0,0,0,21,0,.318,2.8,0.2,0.5,6,1,.857,0.8,0.0,0.8
8,Caleb Homesley,GCN,.550,.487,149.2,2.4,13.5,7.7,18.5,10.8,1.8,0.7,31.7,-0.7,1.3,110.2,110.6,-0.4,46.8,18.7,Escolta (SG),18,8,155.7,100,30,75,.400,13,38,.342,27,36,.750,3,16,19,15,5,1,11,17,45,0,0,0,0,0,0,0,18,0,.197,1.4,0.5,0.5,5,3,.625,0.3,0.2,0.5
18,Cameron Hunt,MAN,.559,.529,156.6,3.2,7.9,5.6,19.3,17.4,2.5,1.1,21.3,-1.7,1.2,107.6,103.7,3.9,44.5,13.3,Escolta (SG),36,8,186.4,85,31,69,.449,11,30,.367,12,16,.750,5,13,18,19,9,2,16,23,28,0,0,0,0,0,0,0,24,0,.224,1.2,0.6,0.2,4,4,.500,0.2,0.4,0.6
14,Carlos Alocen,GCN,.532,.500,148.1,2.7,16.3,9.3,32.2,14.4,2.8,0.8,22.2,5.8,1.2,112.0,107.3,4.7,47.9,17.1,Base (PG),89,8,137.5,57,20,47,.426,7,18,.389,10,15,.667,3,17,20,25,7,1,9,16,44,0,0,0,0,0,0,0,13,0,.197,2.8,0.8,0.3,5,3,.625,0.2,0.2,0.5
29,Charlie Moore,BRE,.517,.500,148.6,0.9,5.2,2.9,31.6,18.4,1.7,0.0,25.2,-0.1,1.1,96.1,115.0,-18.9,51.5,11.7,Base (PG),9,8,251.4,115,46,105,.438,13,39,.333,10,14,.714,2,10,12,37,8,0,25,18,1,0,0,0,0,0,0,0,22,0,.399,1.5,0.3,0.1,2,6,.250,-0.2,0.1,-0.1
6,Chima Moneke,BASK,.644,.583,167.2,5.9,14.2,10.0,19.8,15.6,1.2,0.5,21.7,0.6,1.7,127.1,122.5,4.6,79.8,19.4,Escolta (SG),11,8,220.4,111,32,66,.485,13,29,.448,34,46,.739,10,24,34,26,5,1,16,17,23,0,0,0,0,0,0,0,20,0,.241,1.6,0.3,0.7,3,5,.375,0.9,-0.1,0.8
1,Chimezie Metu,FCB,.724,.731,179.9,4.3,15.2,10.2,2.6,11.5,2.3,2.5,23.8,-4.7,1.6,123.9,110.5,13.4,56.9,23.4,Ala-Pívot (PF),30,8,136.7,89,35,54,.648,9,16,.563,10,17,.588,4,17,21,2,6,3,8,10,92,0,0,0,0,0,0,0,18,0,.143,0.3,0.8,0.3,5,3,.625,0.4,0.2,0.6
32,Chumi Ortega,AND,.413,.300,122.4,11.5,11.2,11.3,10.1,20.9,3.2,0.0,13.7,-1.5,1.0,95.9,112.8,-16.9,22.3,8.1,Escolta (SG),153,8,127.0,25,7,25,.280,1,9,.111,10,12,.833,11,12,23,9,8,0,8,17,150,0,0,0,0,0,0,0,10,0,.066,1.1,1.0,0.5,3,5,.375,-0.1,0.1,0.0
31,Corey Walden,FOR,.434,.338,121.8,4.6,8.8,6.6,14.8,10.0,2.6,0.7,14.4,2.7,1.1,102.3,110.0,-7.7,26.8,8.6,Escolta (SG),133,8,155.2,39,11,37,.297,3,21,.143,14,18,.778,6,11,17,14,8,1,5,20,123,0,0,0,0,0,0,0,12,0,.113,2.8,1.6,0.5,3,5,.375,0.0,0.2,0.2
36,Dani Perez,MAN,.326,.302,108.9,3.0,9.3,6.2,42.8,20.4,1.0,0.0,17.3,9.1,0.7,91.2,106.8,-15.6,28.5,5.5,Base (PG),140,8,158.0,33,12,48,.250,5,29,.172,4,6,.667,4,13,17,42,3,0,13,24,22,0,0,0,0,0,0,0,11,0,.242,3.2,0.2,0.1,4,4,.500,-0.2,0.3,0.1
15,Dario Brizuela,FCB,.586,.558,178.8,1.2,9.9,5.9,20.3,18.1,3.0,0.0,20.8,0.5,1.2,108.3,114.8,-6.5,31.9,13.7,Escolta (SG),97,7,124.0,53,21,43,.488,6,20,.300,5,5,1.000,1,10,11,16,7,0,10,17,71,0,0,0,0,0,0,0,13,0,.164,1.6,0.7,0.1,4,3,.571,0.1,0.1,0.2
28,Darrun Hilliard,BRE,.513,.454,148.1,1.6,11.9,6.4,16.1,17.6,1.3,0.0,26.4,-4.6,1.2,93.3,114.3,-21.0,34.8,9.9,Escolta (SG),17,8,210.5,101,31,87,.356,17,61,.279,22,26,.846,3,19,22,17,5,0,21,19,27,0,0,0,0,0,0,0,18,0,.231,0.8,0.2,0.3,2,6,.250,-0.3,0.1,-0.2
5,David Kramer,TEN,.643,.565,168.6,3.7,13.2,8.5,11.4,8.3,1.8,0.0,24.3,0.3,1.5,131.4,113.5,17.8,38.9,19.9,Escolta (SG),58,7,124.2,71,19,46,.413,14,38,.368,19,21,.905,3,11,14,8,4,0,5,16,100,0,0,0,0,0,0,0,20,0,.134,1.6,0.8,0.5,6,1,.857,0.6,0.1,0.7
13,David Kravish,UNI,.528,.514,197.8,8.9,16.7,12.6,17.1,5.0,0.6,1.2,21.3,4.5,1.1,116.7,116.0,0.8,29.0,16.2,Ala-Pívot (PF),131,5,87.4,40,16,37,.432,6,11,.545,2,2,1.000,6,10,16,9,1,1,2,10,80,0,0,0,0,0,0,0,9,0,.154,4.5,0.5,0.1,4,1,.800,0.2,0.0,0.2
38,Dee Bost,FOR,.390,.357,134.9,0.0,10.4,5.0,24.1,24.4,1.8,0.0,25.5,-5.3,0.8,73.0,114.0,-41.0,2.1,1.1,Base (PG),147,4,84.8,29,9,35,.257,7,24,.292,4,5,.800,0,7,7,11,3,0,12,12,49,0,0,0,0,0,0,0,11,0,.189,0.9,0.3,0.1,1,3,.250,-0.4,0.0,-0.4
17,"Derek Cooke, Jr.",FOR,.624,.643,109.7,13.2,23.7,18.3,5.8,15.4,2.7,1.4,11.4,-1.7,1.5,121.0,104.9,16.1,54.6,15.2,Ala-Pívot (PF),126,8,152.2,41,18,28,.643,0,0,.000,5,11,.455,17,29,46,5,8,2,6,18,131,0,0,0,0,0,0,0,7,0,.104,0.8,1.3,0.4,3,5,.375,0.2,0.3,0.6
2,"Derrick Alston, Jr.",MAN,.589,.467,155.2,5.7,14.8,10.4,14.1,12.2,3.0,1.0,27.5,-2.8,1.5,121.6,99.8,21.9,81.5,22.2,Alero (SF),3,8,206.0,136,37,90,.411,10,41,.244,52,58,.897,10,27,37,15,12,2,16,17,25,0,0,0,0,0,0,0,23,0,.233,0.9,0.8,0.6,4,4,.500,0.8,0.6,1.3
19,Devon Dotson,JOV,.513,.458,132.7,1.4,7.6,5.0,29.7,16.9,3.5,0.5,24.0,3.2,1.2,105.7,109.2,-3.6,57.4,15.0,Base (PG),34,8,210.0,86,31,71,.437,3,18,.167,21,29,.724,2,14,16,35,13,1,17,18,12,0,0,0,0,0,1,0,18,0,.282,2.1,0.8,0.4,4,4,.500,0.1,0.3,0.4
11,Donta Hall,BASK,.746,.710,145.0,9.1,21.1,15.1,5.2,17.3,0.9,5.3,13.2,-2.7,2.1,135.8,117.8,18.0,67.6,18.0,Pívot (C),73,7,183.0,64,22,31,.710,0,0,.000,20,27,.741,13,30,43,6,3,9,9,15,103,0,0,0,0,0,0,0,27,0,.131,0.7,0.3,0.9,3,4,.429,0.6,0.0,0.6
18,Dragan Apic,BRE,.617,.588,128.1,4.2,15.4,9.4,10.1,15.0,2.7,0.9,15.8,-1.7,1.4,112.2,109.6,2.6,35.6,14.2,Pívot (C),109,8,137.1,49,20,34,.588,0,0,.000,9,13,.692,5,16,21,7,7,1,7,16,105,0,0,0,0,0,0,0,9,0,.130,1.0,1.0,0.4,2,6,.250,0.2,0.2,0.3
1,Dylan Ennis,MUR,.652,.638,157.9,3.1,7.0,4.9,23.3,8.4,3.2,1.9,25.0,3.0,1.5,127.5,103.5,24.0,94.5,24.7,Escolta (SG),2,8,221.0,142,48,94,.511,24,57,.421,22,34,.647,6,11,17,25,13,4,10,21,6,0,0,0,0,0,0,0,26,0,.315,2.5,1.3,0.4,5,3,.625,1.0,0.5,1.5
15,Dylan Osetkowski,UNI,.490,.452,148.7,10.4,26.2,18.2,6.6,8.2,3.0,0.8,24.5,-1.4,1.1,103.9,102.0,1.8,46.8,15.8,Ala-Pívot (PF),67,8,140.5,66,24,62,.387,8,30,.267,10,12,.833,11,27,38,6,8,1,6,17,124,0,0,0,0,0,0,0,14,0,.113,1.0,1.3,0.2,7,1,.875,0.0,0.3,0.4
2,Dzanan Musa,RMB,.674,.578,165.3,8.0,16.4,12.7,10.0,12.2,1.8,0.0,26.1,-3.1,1.8,132.6,107.4,25.2,37.9,24.5,Escolta (SG),88,5,89.4,58,16,32,.500,5,16,.313,21,25,.840,5,13,18,5,3,0,6,7,93,0,0,0,0,0,0,0,18,0,.142,0.8,0.5,0.8,3,2,.600,0.5,0.1,0.6
15,Edgar Vicedo,GRA,.511,.457,130.9,5.1,22.0,12.7,5.1,8.7,2.3,1.5,15.2,-0.9,1.2,106.1,107.1,-0.9,32.5,11.1,Alero (SF),122,8,140.7,43,13,35,.371,6,24,.250,11,16,.688,6,21,27,4,6,2,4,16,146,0,0,0,0,0,0,0,11,0,.082,1.0,1.5,0.5,2,6,.250,0.1,0.2,0.3
32,Edin Atic,BRE,.397,.397,55.3,4.3,22.4,12.7,15.3,22.7,2.0,3.0,12.9,-0.4,0.8,80.7,108.3,-27.6,32.8,7.0,Ala-Pívot (PF),149,8,159.2,27,12,34,.353,3,15,.200,0,0,.000,6,27,33,14,6,4,10,18,109,0,0,0,0,0,0,0,7,0,.125,1.4,0.6,0.0,2,6,.250,-0.3,0.2,-0.1
18,Edo Muric,FOR,.600,.594,147.9,5.4,12.1,8.7,5.5,10.6,2.1,0.0,19.4,-2.6,1.3,112.1,110.7,1.4,44.8,13.7,Ala-Pívot (PF),46,8,174.1,81,28,64,.438,20,48,.417,5,8,.625,8,17,25,5,7,0,8,20,85,0,0,0,0,0,0,0,23,0,.149,0.6,0.9,0.1,3,5,.375,0.2,0.2,0.4
12,Edy Tavares,RMB,.588,.580,118.0,15.2,18.6,17.1,7.9,18.1,1.5,6.5,18.1,-3.9,1.3,113.9,102.3,11.6,64.0,17.6,Pívot (C),72,8,176.4,64,29,50,.580,0,0,.000,6,10,.600,18,29,47,8,5,11,12,21,79,0,0,0,0,0,0,0,14,0,.155,0.7,0.4,0.2,6,2,.750,0.3,0.4,0.7
19,Eli John N'Diaye,RMB,.646,.620,190.5,10.7,18.9,15.4,1.3,18.6,3.1,1.7,12.4,-4.4,1.4,118.6,100.6,18.0,35.4,13.6,Ala-Pívot (PF),138,8,125.0,34,13,25,.520,5,13,.385,3,3,1.000,9,21,30,1,7,2,6,15,155,0,0,0,0,0,0,0,10,0,.059,0.2,1.2,0.1,6,2,.750,0.2,0.3,0.5
13,Elias Valtonen,GRA,.615,.612,157.0,5.1,13.2,8.8,5.9,7.2,2.6,1.3,15.5,-0.4,1.3,119.6,107.2,12.4,43.6,14.4,Escolta (SG),76,7,166.3,63,24,49,.490,12,25,.480,3,5,.600,7,15,22,5,8,2,4,20,76,0,0,0,0,0,0,0,13,0,.158,1.3,2.0,0.1,2,5,.286,0.3,0.3,0.6
7,Emanuel Cate,MAN,.660,.588,151.7,21.1,19.3,20.1,4.3,21.5,1.2,0.8,17.1,-6.7,1.6,120.5,101.9,18.6,51.8,18.4,Ala-Pívot (PF),98,8,129.1,53,20,34,.588,0,1,.000,13,14,.929,23,22,45,3,3,1,11,12,133,1,0,0,0,0,0,0,10,0,.103,0.3,0.3,0.4,4,4,.500,0.3,0.3,0.6
10,Emir Sulejmanovic,ZAR,.585,.567,168.1,7.6,26.2,16.6,1.3,9.8,2.8,0.8,20.7,-3.9,1.3,115.9,114.0,1.9,46.5,17.6,Ala-Pívot (PF),68,5,132.3,65,25,52,.481,9,20,.450,6,8,.750,8,26,34,1,7,1,6,14,77,1,0,0,0,0,0,0,23,0,.158,0.2,1.2,0.2,2,3,.400,0.3,0.1,0.3
30,Eric Vila,BRE,.483,.469,131.0,7.0,15.2,10.8,7.8,13.1,1.8,1.6,19.2,-2.7,1.1,94.5,111.3,-16.8,29.6,10.2,Ala-Pívot (PF),104,8,147.0,51,19,48,.396,7,19,.368,6,11,.545,9,17,26,6,5,2,8,16,113,0,0,0,0,0,0,0,12,0,.120,0.8,0.6,0.2,2,6,.250,-0.1,0.2,0.0
1,Facundo Campazzo,RMB,.792,.730,194.3,2.4,12.6,8.2,37.7,23.2,3.8,0.0,22.0,4.0,2.1,139.2,102.8,36.4,97.4,27.4,Base (PG),15,8,188.4,105,31,50,.620,11,24,.458,32,37,.865,3,21,24,41,13,0,20,18,9,0,0,0,0,0,0,0,21,0,.303,2.1,0.7,0.7,6,2,.750,1.2,0.4,1.6
8,Ferran Bassas,AND,.728,.714,179.0,0.0,4.2,2.4,37.7,23.0,1.3,0.0,22.9,3.7,1.6,127.6,120.5,7.1,29.9,19.6,Base (PG),119,5,78.8,44,15,28,.536,10,22,.455,4,5,.800,0,3,3,18,2,0,9,9,35,0,0,0,0,0,0,0,21,0,.208,2.0,0.2,0.2,3,2,.600,0.4,0.0,0.3
1,Fran Guerra,TEN,.673,.630,137.2,14.9,20.7,17.8,18.7,10.6,0.8,3.1,26.2,0.5,1.7,135.6,112.3,23.3,70.9,27.9,Pívot (C),26,7,144.1,91,34,54,.630,0,3,.000,23,31,.742,14,20,34,13,2,4,8,16,24,0,0,0,0,0,0,0,24,0,.234,1.6,0.3,0.6,6,1,.857,0.9,0.1,1.0
22,Gabriel Deck,RMB,.616,.556,155.7,2.3,13.9,8.9,4.1,12.5,0.8,0.5,15.8,-2.5,1.5,118.5,108.7,9.8,40.4,12.1,Ala-Pívot (PF),62,8,194.2,69,23,45,.511,4,14,.286,19,25,.760,3,24,27,5,3,1,8,15,118,0,0,0,0,0,0,0,23,0,.118,0.6,0.4,0.6,6,2,.750,0.3,0.3,0.6
9,George Conditt IV,GCN,.591,.622,97.9,12.7,18.4,15.4,4.1,15.6,2.0,7.6,18.3,-4.6,1.4,109.2,104.6,4.6,47.8,17.8,Ala-Pívot (PF),108,8,136.3,51,23,37,.622,0,1,.000,5,14,.357,14,19,33,3,5,9,8,15,122,0,0,0,0,0,0,0,14,0,.114,0.4,0.6,0.4,5,3,.625,0.1,0.3,0.4
29,Gian Clavell,GRA,.477,.423,142.1,2.0,15.0,7.9,12.5,12.9,1.8,0.6,26.6,-3.2,1.1,92.5,109.9,-17.5,28.4,9.8,Escolta (SG),39,8,177.3,84,27,78,.346,12,41,.293,18,23,.783,3,18,21,11,6,1,13,20,57,0,0,0,0,0,0,0,25,0,.183,0.8,0.5,0.3,2,6,.250,-0.3,0.2,-0.1
6,Giorgi Shermadini,TEN,.755,.694,155.8,10.3,13.8,12.1,9.9,16.5,1.9,1.0,22.9,-4.5,1.9,134.0,112.7,21.3,45.5,24.0,Pívot (C),61,7,119.0,69,25,36,.694,0,0,.000,19,22,.864,8,11,19,6,4,1,9,13,81,0,0,0,0,0,0,0,19,0,.154,0.7,0.4,0.6,6,1,.857,0.6,0.1,0.7
16,Guillem Ferrando,SJG,.561,.500,167.3,2.2,9.4,5.7,42.8,22.5,2.4,0.0,26.6,0.6,1.3,103.7,114.0,-10.3,33.3,15.4,Base (PG),94,7,110.5,54,16,42,.381,10,23,.435,12,14,.857,2,8,10,22,5,0,14,10,29,0,0,0,0,0,0,0,17,0,.220,1.6,0.4,0.3,2,5,.286,0.0,0.1,0.1
35,Guillem Vives,JOV,.514,.522,115.3,3.7,14.7,10.0,19.7,31.1,2.8,1.5,14.5,-0.9,1.1,91.2,107.7,-16.5,26.1,8.4,Base (PG),152,7,122.3,25,9,23,.391,6,14,.429,1,3,.333,3,16,19,15,6,2,11,15,115,0,0,0,0,0,0,0,9,0,.119,1.4,0.5,0.1,3,4,.429,-0.1,0.2,0.1
5,Harald Frey,BBB,.741,.689,187.6,0.9,9.0,5.0,26.4,13.8,1.4,0.0,20.6,3.4,1.8,138.2,115.7,22.5,52.6,20.9,Base (PG),42,8,149.7,83,25,45,.556,12,25,.480,21,25,.840,1,11,12,21,4,0,9,25,42,0,0,0,0,0,0,0,18,0,.200,2.3,0.4,0.6,3,5,.375,0.8,0.1,0.9
21,Howard Sant-Roos,MUR,.383,.314,125.5,2.9,15.4,8.6,14.8,15.7,3.4,0.7,16.6,0.6,0.9,84.6,99.9,-15.3,30.8,8.0,Alero (SF),135,7,159.7,37,12,43,.279,3,21,.143,10,12,.833,4,18,22,15,10,1,9,8,102,0,0,0,0,0,0,0,13,0,.132,1.7,1.1,0.3,5,2,.714,-0.3,0.4,0.1
27,Ike Iroegbu,SJG,.519,.406,147.4,2.3,13.9,8.0,19.9,16.5,1.0,0.5,25.6,-2.4,1.3,100.3,115.8,-15.5,45.5,12.0,Base (PG),14,8,224.6,105,28,80,.350,9,31,.290,40,48,.833,4,24,28,22,4,1,20,21,21,0,0,0,0,0,0,0,21,0,.250,1.1,0.2,0.6,2,6,.250,-0.1,0.1,0.1
32,Ingus Jakovics,LBC,.538,.500,154.7,1.8,8.0,4.8,28.1,21.5,2.4,0.0,23.4,0.2,1.2,100.6,121.8,-21.1,29.9,10.8,Base (PG),82,8,135.6,59,18,50,.360,14,38,.368,9,11,.818,2,8,10,23,6,0,15,19,63,0,0,0,0,0,0,0,18,0,.174,1.5,0.4,0.2,2,6,.250,0.0,-0.1,-0.1
8,Jabari Parker,FCB,.692,.690,174.0,1.6,17.0,10.0,8.5,11.9,2.0,2.4,18.9,-1.2,1.5,122.5,110.7,11.8,67.3,18.1,Ala-Pívot (PF),23,8,187.4,92,34,63,.540,19,33,.576,5,8,.625,2,26,28,10,7,4,9,16,70,0,0,0,0,0,0,0,19,0,.170,1.1,0.8,0.1,5,3,.625,0.5,0.2,0.7
17,Jaime Pradilla,VAL,.535,.500,140.6,7.3,30.7,18.0,10.7,14.0,2.0,1.9,13.1,0.6,1.2,118.9,104.2,14.7,62.1,15.1,Pívot (C),116,7,158.8,46,18,39,.462,3,18,.167,7,9,.778,11,39,50,12,6,3,7,11,104,0,0,0,0,0,0,0,11,0,.131,1.7,0.9,0.2,5,2,.714,0.3,0.3,0.6
23,Jake Wiley,GRA,.521,.478,129.6,8.4,16.5,12.1,9.9,19.1,0.7,3.8,20.5,-5.1,1.2,95.2,110.0,-14.8,30.4,10.9,Pívot (C),95,8,143.3,53,22,46,.478,0,2,.000,9,11,.818,10,16,26,7,2,5,12,16,94,0,0,0,0,0,0,0,17,0,.139,0.6,0.2,0.2,2,6,.250,-0.1,0.2,0.1
14,James Nnaji,SJG,.667,.720,120.0,10.1,19.3,14.6,0.0,18.2,2.8,5.5,15.5,-6.0,1.9,113.5,107.3,6.2,43.9,17.1,Pívot (C),112,7,134.6,48,18,25,.720,0,0,.000,12,25,.480,11,20,31,0,7,7,8,16,132,1,0,0,0,0,0,0,15,0,.104,0.0,0.9,1.0,2,5,.286,0.2,0.2,0.4
2,Jan Vesely,FCB,.764,.685,193.8,10.2,15.3,13.0,15.0,15.0,1.1,0.0,20.7,0.0,1.9,142.1,118.4,23.7,35.5,21.9,Ala-Pívot (PF),100,6,92.3,52,18,27,.667,1,3,.333,15,16,.938,6,11,17,9,2,0,6,19,101,1,0,0,0,0,0,0,14,0,.132,1.5,0.3,0.6,4,2,.667,0.5,0.0,0.6
3,Jean Montero,VAL,.545,.511,153.9,7.7,10.7,9.1,32.9,9.2,2.2,0.0,27.6,6.8,1.2,128.6,110.9,17.7,80.4,24.1,Base (PG),12,7,164.0,107,37,89,.416,17,47,.362,16,21,.762,12,14,26,32,7,0,10,7,10,0,0,0,0,0,0,0,25,0,.301,3.2,0.7,0.2,5,2,.714,0.8,0.2,1.0
2,Jerrick Harding,AND,.625,.580,168.2,3.1,8.3,5.9,12.1,10.6,1.7,2.1,32.0,-3.6,1.4,121.4,116.7,4.7,77.9,24.3,Base (PG),1,8,212.5,168,62,119,.521,14,46,.304,30,35,.857,5,15,20,12,7,4,16,22,8,0,0,0,0,0,0,0,30,0,.306,0.8,0.4,0.3,3,5,.375,0.8,0.1,0.9
2,Jilson Bango,ZAR,.692,.704,126.4,13.0,21.1,17.1,10.7,12.2,0.8,4.0,23.8,-2.6,1.7,130.3,115.6,14.7,70.4,26.8,Pívot (C),29,8,138.6,90,38,54,.704,0,0,.000,14,25,.560,14,23,37,8,2,5,9,14,65,1,0,0,0,0,0,0,21,0,.172,0.9,0.2,0.5,4,4,.500,0.6,0.1,0.7
11,Joan Sastre,TEN,.582,.542,166.7,2.9,13.8,8.4,11.0,7.2,2.7,0.0,13.2,2.7,1.3,125.4,112.1,13.3,26.0,13.3,Alero (SF),144,6,105.1,30,12,24,.500,2,12,.167,4,4,1.000,2,10,12,7,5,0,2,8,128,0,0,0,0,0,0,0,11,0,.110,3.5,2.5,0.2,5,1,.833,0.2,0.1,0.3
37,Joaquin Rodriguez,ZAR,.378,.378,54.7,4.5,7.8,6.2,17.4,19.6,2.3,0.0,18.1,0.3,0.8,85.7,118.0,-32.3,10.0,4.3,Base (PG),148,8,114.2,28,12,37,.324,4,18,.222,0,0,.000,4,7,11,14,5,0,9,19,138,0,0,0,0,0,0,0,7,0,.097,1.6,0.6,0.0,4,4,.500,-0.2,0.0,-0.2
17,Joe Thomasson,GCN,.555,.481,151.8,3.7,15.7,9.5,16.5,16.2,1.7,0.0,21.4,-0.8,1.3,108.1,110.7,-2.6,41.4,13.5,Escolta (SG),64,8,168.1,69,23,52,.442,4,16,.250,19,23,.826,5,20,25,16,5,0,12,18,68,0,0,0,0,0,0,0,13,0,.171,1.3,0.4,0.4,5,3,.625,0.2,0.2,0.4
25,John Shurna,GCN,.582,.573,146.0,6.4,9.2,7.8,3.0,6.9,0.3,0.0,16.4,-1.2,1.3,118.1,115.6,2.5,30.8,11.3,Ala-Pívot (PF),74,8,172.1,63,23,48,.479,9,22,.409,8,14,.571,9,12,21,3,1,0,4,18,121,0,0,0,0,0,0,0,16,0,.114,0.8,0.3,0.3,5,3,.625,0.3,0.1,0.4
24,Jonah Radebaugh,MUR,.418,.360,119.3,4.5,7.2,5.7,20.4,10.9,5.2,0.7,19.3,3.7,1.0,96.2,99.8,-3.6,35.6,12.2,Escolta (SG),111,8,155.2,48,16,50,.320,4,24,.167,12,17,.706,6,8,14,19,15,1,7,17,83,0,0,0,0,0,0,0,10,0,.151,2.7,2.1,0.3,5,3,.625,-0.1,0.4,0.3
17,Jonathan Barreiro,UNI,.609,.614,131.8,5.3,18.6,11.7,4.5,24.5,2.2,0.0,15.6,-6.1,1.4,96.3,106.0,-9.7,20.5,9.9,Alero (SF),145,7,98.0,30,12,22,.545,3,11,.273,3,6,.500,4,13,17,3,4,0,8,7,151,0,0,0,0,0,0,0,9,0,.066,0.4,0.5,0.3,6,1,.857,-0.1,0.2,0.1
28,Jonathan Rousselle,GRA,.375,.306,124.9,3.9,12.3,7.7,47.5,11.3,2.7,0.0,18.4,13.4,0.8,102.8,108.6,-5.8,44.1,11.8,Base (PG),124,8,155.8,41,13,49,.265,4,29,.138,11,13,.846,5,13,18,42,8,0,7,26,16,0,0,0,0,0,0,0,9,0,.264,6.0,1.1,0.3,2,6,.250,0.0,0.2,0.3
34,Jordan Davis,BRE,.409,.400,121.1,5.4,16.0,10.4,17.0,15.9,3.9,0.0,24.4,-2.7,0.9,80.7,108.9,-28.3,19.3,9.1,Base (PG),132,7,107.8,39,17,45,.378,2,6,.333,3,6,.500,5,13,18,9,8,0,9,13,91,0,0,0,0,0,0,0,10,0,.144,1.0,0.9,0.1,1,6,.143,-0.4,0.2,-0.2
21,Jordan Sakho,BRE,.531,.472,112.4,12.9,22.2,17.2,3.4,23.3,1.7,6.0,17.5,-7.5,1.4,94.7,107.4,-12.8,42.6,12.0,Pívot (C),110,8,159.6,49,17,36,.472,0,0,.000,15,23,.652,18,27,45,3,5,8,14,22,140,0,0,0,0,0,0,0,12,0,.096,0.2,0.4,0.6,2,6,.250,-0.1,0.3,0.1
9,Josep Puerto,VAL,.643,.631,159.5,6.8,11.1,8.8,5.1,6.2,2.5,0.0,16.2,-0.3,1.4,137.9,110.0,27.9,42.6,18.6,Escolta (SG),86,7,124.0,58,23,42,.548,7,21,.333,5,7,.714,8,11,19,4,6,0,3,9,117,0,0,0,0,0,0,0,14,0,.118,1.3,2.0,0.2,5,2,.714,0.5,0.2,0.6
24,Juan Nunez,FCB,.525,.486,141.3,4.3,24.0,15.0,31.7,26.4,2.7,0.8,18.0,4.2,1.1,105.4,107.6,-2.3,49.6,13.7,Base (PG),127,8,137.5,41,17,36,.472,1,12,.083,6,7,.857,4,27,31,30,7,1,14,20,60,0,0,0,0,0,0,0,11,0,.181,2.1,0.5,0.2,5,3,.625,0.1,0.2,0.3
3,Justin Anderson,FCB,.712,.684,184.9,5.4,13.5,9.8,3.8,8.1,1.3,2.1,17.7,-1.4,1.7,135.0,113.6,21.5,58.5,19.1,Alero (SF),47,8,164.0,81,28,49,.571,11,22,.500,14,18,.778,6,18,24,4,4,3,5,9,110,0,0,0,0,0,0,0,19,0,.124,0.8,0.8,0.4,5,3,.625,0.6,0.1,0.8
8,Kaiser Gates,JOV,.654,.605,188.8,7.3,22.2,15.9,3.1,14.4,1.0,1.8,16.4,-3.7,1.4,119.5,105.7,13.8,51.3,14.6,Alero (SF),79,6,167.3,62,21,43,.488,10,25,.400,10,10,1.000,8,33,41,3,3,3,8,17,97,1,0,0,0,0,0,0,18,0,.138,0.4,0.4,0.2,3,3,.500,0.3,0.3,0.6
12,Kamar Baldwin,BASK,.474,.448,141.4,2.0,11.4,6.4,29.5,11.2,2.7,4.0,28.6,4.6,1.0,103.5,112.5,-9.0,19.3,17.6,Base (PG),146,2,62.2,30,12,29,.414,2,6,.333,4,6,.667,1,5,6,10,3,2,4,5,4,0,0,0,0,0,0,0,16,0,.349,2.5,0.8,0.2,1,1,.500,0.0,0.1,0.1
7,Kameron Taylor,UNI,.587,.574,168.5,2.4,20.6,11.4,15.8,15.4,4.1,2.0,24.0,-1.4,1.2,105.9,100.3,5.5,64.3,18.9,Escolta (SG),37,8,165.0,84,34,68,.500,10,23,.435,6,8,.750,3,25,28,16,13,3,13,13,51,0,0,0,0,0,0,0,19,0,.188,1.2,1.0,0.1,7,1,.875,0.1,0.4,0.5
11,Kassius Robertson,JOV,.626,.589,171.3,3.6,10.4,7.5,19.6,17.4,1.3,0.0,27.5,-3.0,1.4,112.7,112.9,-0.2,65.9,18.1,Base (PG),5,8,208.7,119,41,84,.488,17,40,.425,20,25,.800,5,19,24,21,5,0,20,12,15,0,0,0,0,0,0,0,25,0,.265,1.1,0.3,0.3,4,4,.500,0.4,0.2,0.6
6,Kendrick Perry,UNI,.629,.577,174.9,0.7,6.7,3.7,30.8,15.8,4.0,0.0,22.8,5.4,1.4,121.6,104.9,16.7,71.8,20.6,Base (PG),20,8,182.4,94,32,65,.492,11,28,.393,19,22,.864,1,9,10,36,14,0,14,18,17,0,0,0,0,0,0,0,22,0,.256,2.6,1.0,0.3,7,1,.875,0.6,0.4,1.0
14,Kenny Hasbrouck,FOR,.600,.594,153.8,1.8,9.3,5.5,17.8,16.3,1.6,1.7,27.0,-4.1,1.3,103.4,109.0,-5.7,32.8,14.3,Escolta (SG),48,7,131.4,80,29,64,.453,18,43,.419,4,6,.667,2,10,12,11,4,2,13,21,38,0,0,0,0,0,0,0,17,0,.203,0.8,0.3,0.1,3,4,.429,0.0,0.2,0.2
20,Kevin Punter,FCB,.531,.434,164.6,0.0,7.3,4.0,14.8,11.2,2.2,0.7,22.5,1.4,1.2,109.1,114.1,-5.0,38.3,13.1,Escolta (SG),54,8,167.8,76,21,61,.344,11,32,.344,23,24,.958,0,10,10,17,7,1,9,13,87,0,0,0,0,0,0,0,24,0,.147,1.9,0.8,0.4,5,3,.625,0.2,0.1,0.3
24,Khalifa Diop,BASK,.590,.533,115.8,14.0,16.3,15.1,6.2,29.0,0.5,2.7,12.1,-4.8,1.7,108.2,122.3,-14.0,22.0,8.6,Pívot (C),150,8,120.0,26,8,15,.533,0,0,.000,10,16,.625,13,15,28,5,1,3,9,22,156,0,0,0,0,0,0,0,7,0,.054,0.6,0.1,1.1,3,5,.375,0.1,0.0,0.0
30,Kristian Kullamae,BBB,.437,.425,117.0,0.8,12.1,6.6,23.7,11.3,1.4,0.7,25.2,2.5,0.9,92.5,114.5,-22.0,27.6,9.6,Escolta (SG),78,8,151.0,62,25,67,.373,7,29,.241,5,9,.556,1,15,16,19,4,1,9,16,47,0,0,0,0,0,0,0,18,0,.191,2.1,0.4,0.1,3,5,.375,-0.2,0.1,-0.1
16,Kyle Kuric,AND,.572,.523,165.8,4.6,6.8,5.7,4.8,14.0,2.1,1.3,22.3,-4.8,1.3,109.4,116.8,-7.3,37.1,13.6,Escolta (SG),40,8,174.4,84,28,66,.424,13,37,.351,15,17,.882,6,10,16,5,7,2,12,13,98,0,0,0,0,0,0,0,24,0,.136,0.4,0.6,0.3,3,5,.375,0.2,0.1,0.3
5,L.J. Figueroa,LBC,.556,.522,156.6,8.3,20.0,13.9,12.7,10.2,3.0,1.9,21.9,0.0,1.3,114.1,118.2,-4.0,41.5,17.0,Alero (SF),84,7,123.2,59,22,46,.478,4,10,.400,11,16,.688,8,18,26,9,7,2,6,21,86,0,0,0,0,0,0,0,11,0,.147,1.5,1.2,0.3,2,5,.286,0.2,0.0,0.2
23,Ludde Hakanson,MUR,.494,.430,154.2,0.0,9.7,4.4,25.9,12.2,3.4,1.1,20.2,5.0,1.1,105.2,103.1,2.1,52.5,13.9,Base (PG),59,8,188.8,71,21,64,.328,13,40,.325,16,18,.889,0,13,13,29,12,2,10,13,30,0,0,0,0,0,0,0,23,0,.216,2.9,1.2,0.3,5,3,.625,0.1,0.4,0.5
20,Luka Bozic,FOR,.619,.500,153.7,5.3,13.4,9.2,17.4,22.5,1.6,0.0,22.8,-4.9,1.7,108.7,111.4,-2.7,44.9,14.9,Base (PG),52,8,156.6,77,21,45,.467,3,12,.250,32,39,.821,7,17,24,15,5,0,18,11,72,0,0,0,0,0,0,0,14,0,.163,0.8,0.3,0.9,3,5,.375,0.2,0.2,0.4
7,Marcelinho Huertas,TEN,.593,.519,178.5,3.5,13.7,8.6,52.6,28.6,3.0,0.0,32.7,-0.3,1.4,106.1,110.3,-4.3,53.4,19.8,Base (PG),56,6,133.3,74,25,54,.463,6,16,.375,18,19,.947,3,12,15,37,7,0,25,8,3,1,0,0,0,0,0,0,20,0,.360,1.5,0.3,0.4,5,1,.833,0.2,0.2,0.3
12,Marcis Steinbergs,MAN,.694,.670,176.6,7.1,12.1,9.6,6.3,13.9,1.0,1.4,16.6,-3.0,1.6,128.8,105.0,23.8,45.6,16.3,Ala-Pívot (PF),63,8,150.0,69,25,44,.568,9,21,.429,10,13,.769,9,16,25,5,3,2,8,17,99,0,0,0,0,0,0,0,12,0,.135,0.6,0.4,0.3,4,4,.500,0.5,0.3,0.7
18,Marco Spissu,ZAR,.703,.652,178.6,3.4,10.0,6.7,20.7,26.7,2.2,0.6,17.5,-1.0,1.7,118.4,117.5,0.9,58.3,15.2,Base (PG),51,8,191.0,77,24,46,.522,12,29,.414,17,20,.850,5,15,20,27,8,1,20,18,48,0,0,0,0,0,0,0,17,0,.191,1.4,0.4,0.4,4,4,.500,0.4,0.1,0.5
10,Mario Hezonja,RMB,.680,.646,186.9,0.8,20.3,12.0,8.3,20.0,2.9,0.0,22.5,-6.5,1.5,114.0,98.9,15.1,65.5,18.2,Escolta (SG),19,7,190.4,98,33,65,.508,18,37,.486,14,16,.875,1,35,36,9,10,0,18,12,40,0,0,0,0,0,0,0,21,0,.201,0.5,0.6,0.2,6,1,.857,0.3,0.5,0.9
21,Markus Howard,BASK,.566,.516,157.2,3.1,5.6,4.4,9.1,11.2,1.8,0.0,26.1,-2.8,1.3,114.5,123.8,-9.3,43.0,14.6,Base (PG),8,8,207.6,117,34,91,.374,26,69,.377,23,28,.821,5,9,14,11,7,0,13,24,52,0,0,0,0,0,0,0,38,0,.187,0.8,0.5,0.3,3,5,.375,0.4,-0.1,0.3
13,Marvin Jones,BBB,.584,.526,126.0,11.6,13.3,12.4,2.3,15.6,1.3,5.0,23.8,-7.1,1.4,108.3,112.3,-3.9,50.0,17.4,Pívot (C),45,8,166.5,82,30,57,.526,0,4,.000,22,30,.733,15,18,33,2,4,8,13,15,95,0,0,0,0,0,0,0,15,0,.139,0.2,0.3,0.5,3,5,.375,0.2,0.2,0.3
10,Matt Costello,VAL,.493,.472,130.8,14.4,23.7,18.6,13.8,8.0,1.2,3.9,19.9,2.2,1.1,122.5,106.9,15.6,54.9,18.0,Pívot (C),91,7,131.9,57,21,53,.396,8,29,.276,7,11,.636,18,25,43,12,3,5,5,20,90,0,0,0,0,0,0,0,19,0,.144,2.4,0.6,0.2,5,2,.714,0.4,0.2,0.6
35,Maximo Fjellerup,SJG,.445,.419,126.3,4.9,19.2,12.0,7.6,22.0,2.4,0.7,18.0,-5.8,1.0,79.6,110.8,-31.2,18.4,5.9,Escolta (SG),129,8,156.0,41,17,43,.395,2,13,.154,5,7,.714,6,23,29,6,7,1,13,24,120,0,0,0,0,0,0,0,10,0,.115,0.5,0.5,0.2,2,6,.250,-0.4,0.2,-0.2
10,Melwin Pantzar,BBB,.621,.520,156.1,3.1,11.9,7.6,20.2,10.2,2.1,0.0,18.3,3.9,1.7,129.8,113.6,16.2,70.4,18.5,Base (PG),32,8,205.1,88,24,51,.471,5,16,.313,35,45,.778,5,20,25,24,8,0,8,13,34,0,0,0,0,0,0,0,15,0,.209,3.0,1.0,0.9,3,5,.375,0.7,0.2,0.9
25,Michael Ruzic,JOV,.510,.531,110.4,5.9,13.2,10.1,4.6,9.7,1.4,2.5,13.4,-0.9,1.2,103.2,109.3,-6.2,12.5,8.5,Pívot (C),155,4,74.7,19,7,16,.438,3,9,.333,2,6,.333,3,9,12,2,2,2,2,12,147,0,0,0,0,0,0,0,13,0,.080,1.0,1.0,0.4,1,3,.250,0.0,0.1,0.1
19,Miguel Gonzalez,ZAR,.508,.462,138.5,7.9,16.7,12.3,12.0,16.9,1.2,2.5,6.1,3.8,1.2,129.2,116.7,12.5,33.5,9.4,Alero (SF),156,8,130.3,15,5,13,.385,2,8,.250,3,4,.750,8,17,25,12,3,3,3,12,152,0,0,0,0,0,0,0,5,0,.064,4.0,1.0,0.3,4,4,.500,0.2,0.1,0.2
16,Mike Tobey,GCN,.564,.555,150.9,8.9,18.2,13.4,12.2,9.6,1.0,2.1,18.3,0.8,1.2,117.3,110.2,7.0,50.5,15.6,Pívot (C),71,8,166.2,64,28,55,.509,5,20,.250,3,4,.750,12,23,35,11,3,3,6,22,66,0,0,0,0,0,0,0,17,0,.171,1.8,0.5,0.1,5,3,.625,0.3,0.2,0.5
26,Mindaugas Susinskas,SJG,.633,.571,193.3,3.1,7.6,5.3,10.4,18.3,1.3,0.0,19.5,-4.2,1.5,110.6,116.8,-6.2,19.0,11.2,Ala-Pívot (PF),103,7,120.0,51,15,35,.429,10,17,.588,11,12,.917,3,7,10,6,3,0,9,19,112,0,0,0,0,0,0,0,19,0,.121,0.7,0.3,0.3,2,5,.286,0.1,0.0,0.2
21,Muhammad-Ali Abdur-Rahkman,BBB,.507,.463,148.5,2.1,6.7,4.4,10.5,10.0,2.6,1.1,25.9,-1.8,1.1,100.8,113.4,-12.6,32.8,12.7,Escolta (SG),27,8,183.1,91,32,81,.395,11,38,.289,16,20,.800,3,10,13,10,9,2,10,23,59,0,0,0,0,0,0,0,20,0,.183,1.0,0.9,0.2,3,5,.375,0.0,0.2,0.1
22,Musa Sagnia,MAN,.486,.468,155.2,11.6,20.6,16.2,7.7,22.0,1.6,5.5,13.3,-3.6,1.0,96.9,98.6,-1.7,38.5,11.1,Pívot (C),141,8,132.4,31,14,31,.452,1,10,.100,2,2,1.000,13,24,37,6,4,7,9,15,142,0,0,0,0,0,0,0,8,0,.090,0.7,0.4,0.1,4,4,.500,-0.1,0.4,0.3
29,Nate Sestina,VAL,.526,.526,76.4,3.9,10.3,6.8,4.0,9.3,2.4,0.9,16.5,-1.8,1.1,114.3,109.9,4.4,20.0,10.3,Ala-Pívot (PF),125,7,109.4,41,15,39,.385,11,29,.379,0,0,.000,4,9,13,3,5,1,4,15,148,0,0,0,0,0,0,0,17,0,.079,0.8,1.3,0.0,5,2,.714,0.1,0.1,0.3
7,Nicolas Brussino,GCN,.530,.471,152.3,4.3,16.4,10.1,15.5,11.3,1.9,2.3,21.3,1.0,1.2,110.6,108.6,2.0,59.6,15.3,Alero (SF),41,8,200.5,83,27,69,.391,11,40,.275,18,21,.857,7,25,32,18,7,4,10,17,43,0,0,0,0,0,0,0,22,0,.197,1.8,0.7,0.3,5,3,.625,0.3,0.3,0.6
22,Nicolas Laprovittola,FCB,.561,.540,149.1,3.9,10.4,7.6,39.8,22.4,0.7,0.0,21.0,7.3,1.2,113.2,113.7,-0.5,27.3,14.2,Base (PG),142,4,81.2,31,11,25,.440,5,13,.385,4,6,.667,2,7,9,21,1,0,8,8,19,0,0,0,0,0,0,0,22,0,.254,2.6,0.1,0.2,3,1,.750,0.2,0.0,0.2
23,Nihad Djedovic,UNI,.585,.500,149.0,2.3,14.3,8.3,10.7,13.7,1.8,0.0,14.9,0.8,1.5,115.6,107.9,7.7,30.6,12.4,Escolta (SG),136,7,113.1,37,11,25,.440,3,12,.250,12,15,.800,2,12,14,9,4,0,5,2,144,0,0,0,0,0,0,0,10,0,.085,1.8,0.8,0.6,6,1,.857,0.2,0.2,0.3
11,Nike Sibande,SJG,.635,.604,171.3,5.7,17.3,11.4,8.4,10.7,1.8,0.0,17.2,-1.3,1.4,121.7,113.3,8.4,56.8,16.5,Escolta (SG),55,8,180.5,74,27,53,.509,10,27,.370,10,12,.833,8,24,32,7,6,0,7,10,69,0,0,0,0,0,0,0,21,0,.170,1.0,0.9,0.2,2,6,.250,0.4,0.2,0.6
11,Nikos Chougkaz,AND,.565,.471,164.5,12.5,21.7,17.4,5.6,13.9,1.5,3.3,19.3,-3.4,1.4,116.9,111.5,5.5,58.1,16.5,Ala-Pívot (PF),60,8,169.0,70,21,51,.412,6,17,.353,22,25,.880,16,31,47,6,5,5,10,19,125,1,0,0,0,0,0,0,25,0,.112,0.6,0.5,0.5,3,5,.375,0.3,0.2,0.5
24,Oriol Pauli,FOR,.478,.464,118.0,2.6,13.0,7.7,23.9,18.5,3.4,1.2,18.7,1.1,1.1,95.1,107.1,-12.0,50.4,11.8,Ala-Pívot (PF),83,8,181.1,59,23,56,.411,6,26,.231,7,13,.538,4,19,23,24,12,2,14,8,31,0,0,0,0,0,0,0,16,0,.213,1.7,0.9,0.2,3,5,.375,-0.2,0.3,0.2
37,Payton Willis,TEN,.414,.385,136.5,0.0,4.9,2.4,2.6,3.5,0.9,1.9,22.7,-0.5,0.9,88.1,119.7,-31.6,2.5,5.1,Escolta (SG),154,5,64.5,23,8,26,.308,4,13,.308,3,4,.750,0,2,2,1,1,1,1,6,153,0,0,0,0,0,0,0,10,0,.063,1.0,1.0,0.2,4,1,.800,-0.1,0.0,-0.1
36,Philip Scrubb,LBC,.457,.395,132.2,4.2,13.8,8.8,11.1,25.5,1.8,0.7,15.1,-3.6,1.1,85.2,121.7,-36.5,26.6,5.7,Escolta (SG),130,8,176.9,40,13,38,.342,4,19,.211,10,13,.769,6,18,24,13,6,1,15,9,127,0,0,0,0,0,0,0,14,0,.111,0.9,0.4,0.3,2,6,.250,-0.3,-0.1,-0.4
23,Pierre Oriola,FOR,.501,.438,134.7,16.1,14.1,15.1,5.5,14.3,1.5,0.8,18.9,-3.9,1.2,104.6,110.7,-6.0,32.0,12.1,Ala-Pívot (PF),115,8,131.6,48,17,40,.425,1,5,.200,13,18,.722,18,15,33,4,4,1,8,19,141,1,0,0,0,0,0,0,12,0,.095,0.5,0.5,0.5,3,5,.375,0.0,0.2,0.2
3,Pierre Pelos,GCN,.637,.607,187.5,10.4,20.5,15.3,13.5,14.9,4.3,3.7,16.9,0.0,1.4,124.6,101.0,23.6,66.0,21.0,Ala-Pívot (PF),85,8,153.8,58,21,42,.500,9,18,.500,7,8,.875,13,24,37,12,12,5,8,19,89,0,0,0,0,0,1,0,12,0,.145,1.5,1.5,0.2,5,3,.625,0.4,0.4,0.8
33,Rafael Villar,FOR,.507,.386,135.7,0.7,5.5,3.1,29.5,29.3,4.9,0.7,17.3,0.4,1.3,93.9,106.1,-12.3,32.4,10.1,Base (PG),120,8,157.9,44,13,35,.371,1,11,.091,17,19,.895,1,7,8,28,15,1,18,21,54,0,0,0,0,0,0,0,10,0,.186,1.6,0.8,0.5,3,5,.375,-0.2,0.3,0.1
30,Retin Obasohan,MAN,.464,.408,138.6,5.7,6.8,6.2,16.8,11.7,2.8,0.0,26.4,-1.2,1.1,101.5,103.9,-2.4,28.1,11.4,Base (PG),38,8,166.9,84,27,76,.355,8,22,.364,22,33,.667,8,10,18,15,9,0,12,28,50,0,0,0,0,0,0,0,19,0,.188,1.3,0.8,0.4,4,4,.500,0.0,0.4,0.4
6,Rodions Kurucs,MUR,.597,.577,156.6,6.6,24.9,14.9,15.7,17.1,2.8,0.0,21.3,-2.3,1.3,108.7,102.2,6.5,66.5,17.0,Alero (SF),33,8,192.2,87,33,65,.508,9,23,.391,12,18,.667,11,34,45,16,10,0,15,25,33,2,0,0,0,0,0,0,20,0,.211,1.1,0.7,0.3,5,3,.625,0.2,0.4,0.7
31,Ruben Guerrero,GRA,.669,.714,111.4,7.9,16.4,11.7,7.1,21.6,1.4,0.7,9.9,-2.0,1.6,114.3,110.5,3.8,31.3,9.8,Ala-Pívot (PF),137,8,152.6,34,15,21,.714,0,0,.000,4,10,.400,10,17,27,6,4,1,7,20,135,0,0,0,0,0,0,0,8,0,.101,0.9,0.6,0.5,2,6,.250,0.1,0.2,0.3
14,Santiago Yusta,ZAR,.484,.480,114.5,4.6,13.6,9.1,11.8,17.9,4.5,0.6,22.9,-4.0,1.1,93.3,111.0,-17.7,44.1,11.9,Alero (SF),49,8,196.6,80,32,76,.421,9,35,.257,7,15,.467,7,21,28,15,17,1,18,22,62,0,0,0,0,0,1,0,16,0,.176,0.8,0.9,0.2,4,4,.500,-0.3,0.2,0.0
33,Scott Bamforth,GRA,.462,.436,138.8,0.7,15.4,7.3,20.5,15.3,1.0,0.0,28.1,-2.6,1.0,87.8,112.0,-24.3,22.3,7.8,Escolta (SG),50,8,163.2,77,28,78,.359,12,43,.279,9,12,.750,1,17,18,16,3,0,15,19,32,0,0,0,0,0,0,0,17,0,.212,1.1,0.2,0.2,2,6,.250,-0.4,0.2,-0.3
1,Semi Ojeleye,VAL,.645,.571,174.9,10.0,8.9,9.5,4.0,4.2,1.2,1.2,23.7,-0.8,1.5,146.2,113.1,33.1,74.9,25.6,Alero (SF),7,7,169.3,118,37,77,.481,14,39,.359,30,33,.909,16,12,28,4,4,2,4,8,61,0,0,0,0,0,0,0,24,0,.179,1.0,1.0,0.4,5,2,.714,1.1,0.2,1.3
9,Sergi Garcia,GRA,.638,.571,178.6,4.6,3.8,4.2,35.1,23.6,5.1,0.0,18.6,2.3,1.5,115.3,105.7,9.6,57.9,18.5,Base (PG),80,7,156.8,62,19,42,.452,10,25,.400,14,15,.933,6,4,10,28,15,0,15,8,14,0,0,0,0,0,0,0,22,0,.267,1.9,1.0,0.4,1,6,.143,0.3,0.3,0.6
24,Sergi Martinez,SJG,.254,.143,114.3,11.2,21.4,16.4,0.0,11.3,0.0,0.0,9.2,-2.2,0.6,74.6,109.4,-34.8,5.5,2.7,Alero (SF),157,2,44.0,4,1,7,.143,0,2,.000,2,2,1.000,4,8,12,0,0,0,1,3,157,0,0,0,0,0,0,0,4,0,.019,0.0,0.0,0.3,1,1,.500,-0.1,0.0,0.0
17,Sergio Llull,RMB,.535,.500,150.3,2.3,9.2,6.3,22.2,12.9,1.6,0.0,25.1,1.8,1.2,112.8,108.8,4.0,36.6,15.3,Base (PG),69,7,132.2,65,22,55,.400,11,33,.333,10,13,.769,2,11,13,17,4,0,9,9,53,0,0,0,0,0,0,0,16,0,.187,1.9,0.4,0.2,5,2,.714,0.2,0.2,0.4
8,Simon Birgander,MUR,.712,.679,159.6,9.5,28.2,18.0,7.0,9.3,0.8,3.8,15.4,-0.7,1.6,137.9,103.4,34.5,85.0,21.1,Pívot (C),44,8,194.4,83,36,53,.679,0,0,.000,11,12,.917,16,39,55,7,3,7,6,20,55,2,0,0,0,0,0,0,18,0,.185,1.2,0.5,0.2,5,3,.625,0.8,0.4,1.2
23,Stan Okoye,AND,.547,.539,135.4,2.0,8.1,5.2,2.4,18.3,1.2,0.0,16.9,-5.6,1.2,95.7,118.8,-23.1,8.9,5.7,Alero (SF),121,8,132.4,44,16,38,.421,9,27,.333,3,5,.600,2,9,11,2,3,0,9,19,149,0,0,0,0,0,0,0,10,0,.074,0.2,0.3,0.1,3,5,.375,-0.1,0.0,-0.1
16,This De Ridder,BBB,.578,.556,178.0,7.4,25.4,16.6,6.3,10.6,1.9,0.6,18.1,-1.8,1.3,114.0,108.6,5.4,54.4,15.2,Ala-Pívot (PF),66,8,172.8,68,26,54,.481,8,14,.571,8,11,.727,10,36,46,6,6,1,7,24,96,0,0,0,0,0,0,0,15,0,.139,0.9,0.9,0.2,3,5,.375,0.3,0.3,0.5
4,Thomas Bropleh,FOR,.603,.562,178.4,1.9,14.2,7.9,12.9,13.3,2.5,0.6,27.3,-4.0,1.3,109.4,108.8,0.6,60.0,18.1,Alero (SF),6,8,184.1,118,40,89,.449,20,46,.435,18,20,.900,3,21,24,11,9,1,15,17,26,0,0,0,0,0,0,0,18,0,.231,0.7,0.6,0.2,3,5,.375,0.2,0.3,0.5
12,Thomas Scrubb,TEN,.538,.524,142.9,11.3,12.7,12.0,5.5,4.3,2.0,0.0,13.2,1.2,1.1,126.3,113.7,12.6,44.5,12.9,Alero (SF),113,7,176.0,48,18,42,.429,8,24,.333,4,6,.667,13,15,28,6,6,0,2,8,114,0,0,0,0,0,0,0,14,0,.119,3.0,3.0,0.1,6,1,.857,0.4,0.1,0.5
6,Tim Abromaitis,TEN,.751,.750,170.9,4.5,26.5,15.7,2.6,2.8,2.5,0.0,13.2,0.3,1.9,152.5,108.8,43.7,46.4,18.9,Ala-Pívot (PF),101,7,134.6,52,19,28,.679,4,11,.364,10,15,.667,4,24,28,2,6,0,1,16,130,0,0,0,0,0,0,0,13,0,.104,2.0,6.0,0.5,6,1,.857,0.6,0.2,0.8
9,Timothe Luwawu-Cabarrot,BASK,.546,.513,159.8,3.9,14.7,9.3,14.2,12.7,1.9,1.7,22.5,-0.7,1.2,111.7,120.0,-8.3,49.9,14.5,Alero (SF),28,8,196.5,90,33,75,.440,11,28,.393,13,17,.765,6,22,28,16,7,3,12,28,37,0,0,0,0,0,0,0,18,0,.203,1.3,0.6,0.2,3,5,.375,0.3,0.0,0.3
25,Tomas Satoransky,FCB,.566,.500,146.8,1.9,17.6,10.5,32.1,22.4,0.7,0.0,17.8,6.2,1.3,114.5,114.6,-0.1,52.0,13.7,Base (PG),102,8,152.6,51,18,38,.474,2,11,.182,13,16,.813,2,22,24,34,2,0,13,12,41,0,0,0,0,0,0,0,14,0,.201,2.6,0.2,0.4,5,3,.625,0.3,0.1,0.4
27,Tomasz Gielo,BBB,.569,.513,167.7,4.1,12.5,8.4,4.3,8.2,0.7,2.7,14.9,-0.9,1.3,116.5,115.1,1.4,33.4,11.2,Ala-Pívot (PF),105,8,156.3,51,15,40,.375,11,28,.393,10,11,.909,5,16,21,4,2,4,4,13,145,0,0,0,0,0,0,0,15,0,.083,1.0,0.5,0.3,3,5,.375,0.2,0.1,0.3
12,Toni Nakic,BRE,.642,.607,172.6,7.4,10.9,8.9,8.7,7.5,1.4,0.0,15.7,0.4,1.5,129.9,118.0,11.8,45.5,15.9,Escolta (SG),77,6,155.4,63,20,42,.476,11,22,.500,12,16,.750,10,12,22,7,4,0,4,12,64,0,0,0,0,0,0,0,18,0,.173,1.8,1.0,0.4,1,5,.167,0.5,0.0,0.5
4,Trae Bell-Haynes,ZAR,.604,.529,161.8,3.7,5.9,4.8,31.1,17.7,2.4,0.6,26.3,2.3,1.4,119.4,118.3,1.0,63.9,20.6,Escolta (SG),16,8,173.0,101,34,70,.486,6,23,.261,27,31,.871,5,8,13,33,8,1,18,16,20,0,0,0,0,0,0,0,27,0,.251,1.8,0.4,0.4,4,4,.500,0.6,0.0,0.6
3,Trent Forrest,BASK,.647,.597,187.2,4.0,18.6,11.4,20.5,17.6,3.6,0.0,23.8,-1.8,1.5,121.5,117.7,3.8,67.9,21.9,Escolta (SG),24,6,164.2,91,34,62,.548,6,14,.429,17,19,.895,5,24,29,18,11,0,15,13,11,0,0,0,0,0,0,0,19,0,.292,1.2,0.7,0.3,2,4,.333,0.5,0.0,0.6
4,Trey Thompkins,LBC,.628,.610,157.6,2.5,22.8,12.4,11.2,4.2,1.6,1.1,21.6,2.0,1.4,126.2,122.1,4.1,44.3,21.0,Ala-Pívot (PF),90,6,99.8,57,21,41,.512,8,22,.364,7,10,.700,2,17,19,6,3,1,2,2,84,0,0,0,0,0,0,0,18,0,.151,3.0,1.5,0.2,1,5,.167,0.3,0.0,0.3
25,Troy Caupain,MUR,.555,.565,83.5,1.8,11.6,6.2,17.0,17.6,2.7,0.0,21.2,-1.6,1.1,101.3,110.6,-9.3,13.1,11.9,Escolta (SG),151,4,62.0,26,10,23,.435,6,15,.400,0,1,.000,1,5,6,6,3,0,5,8,106,0,0,0,0,0,0,0,14,0,.129,1.2,0.6,0.0,2,2,.500,0.0,0.1,0.1
5,Tryggvi Hlinason,BBB,.797,.784,153.4,15.1,19.0,17.1,15.6,19.4,0.7,5.8,16.8,-1.5,2.0,140.2,111.1,29.1,78.0,24.1,Pívot (C),57,8,160.7,73,29,37,.784,0,0,.000,15,20,.750,19,25,44,13,2,9,11,21,58,0,0,0,0,0,0,0,24,0,.183,1.2,0.2,0.5,3,5,.375,0.8,0.2,1.0
19,Tyler Kalinoski,UNI,.602,.541,167.7,2.3,7.1,4.7,14.3,11.0,1.8,0.0,17.3,2.5,1.4,120.9,109.7,11.3,40.1,13.2,Escolta (SG),65,8,171.6,68,22,49,.449,9,26,.346,15,17,.882,3,9,12,17,6,0,7,21,88,0,0,0,0,0,0,0,19,0,.147,2.4,0.9,0.3,7,1,.875,0.4,0.2,0.6
4,Tyson Carter,UNI,.629,.594,179.4,0.8,8.3,4.5,37.3,13.8,1.9,0.7,24.7,7.6,1.4,124.0,109.0,15.0,72.4,21.9,Base (PG),21,8,163.7,94,35,69,.507,12,33,.364,12,13,.923,1,10,11,37,6,1,12,11,13,0,0,0,0,0,0,0,25,0,.271,3.1,0.5,0.2,7,1,.875,0.6,0.2,0.9
28,Vladimir Brodziansky,MUR,.557,.533,145.2,6.5,14.0,9.9,6.5,13.9,1.0,0.7,16.6,-2.5,1.2,105.8,107.8,-2.0,32.0,10.6,Ala-Pívot (PF),92,8,160.8,55,21,45,.467,6,21,.286,7,10,.700,9,16,25,6,3,1,8,17,119,0,0,0,0,0,0,0,15,0,.116,0.8,0.4,0.2,5,3,.625,0.1,0.3,0.3
7,Willy Hernangomez,FCB,.638,.581,138.1,11.3,21.7,16.9,11.5,17.5,1.8,2.6,23.8,-4.4,1.5,116.9,110.7,6.2,39.6,21.3,Pívot (C),114,6,90.4,48,18,31,.581,0,0,.000,12,15,.800,7,16,23,6,3,2,8,3,107,0,0,0,0,0,0,0,13,0,.128,0.8,0.4,0.5,4,2,.667,0.2,0.1,0.3
26,Xabier Lopez-Arostegui,VAL,.523,.485,141.2,6.3,15.0,10.3,8.5,15.2,2.2,0.0,16.5,-2.0,1.2,110.8,109.5,1.2,29.5,11.8,Escolta (SG),128,7,117.0,41,13,33,.394,6,16,.375,9,14,.643,7,14,21,7,5,0,7,8,143,0,0,0,0,0,0,0,15,0,.087,1.0,0.7,0.4,5,2,.714,0.1,0.2,0.3
20,Yankuba Sima,UNI,.634,.654,109.8,3.8,22.9,13.1,3.1,14.3,0.5,3.4,16.1,-3.6,1.5,109.9,108.6,1.3,23.9,12.4,Pívot (C),134,6,102.1,38,17,26,.654,0,0,.000,4,9,.444,3,17,20,2,1,3,5,16,139,0,0,0,0,0,0,0,12,0,.096,0.4,0.2,0.3,5,1,.833,0.1,0.1,0.2
21,Yannick Kraag,JOV,.580,.554,176.4,11.1,14.1,12.8,6.2,13.4,2.1,1.2,13.7,-1.3,1.2,117.4,108.8,8.6,39.3,12.5,Ala-Pívot (PF),118,8,162.7,45,19,37,.514,3,12,.250,4,4,1.000,12,20,32,6,6,2,6,23,129,0,0,0,0,0,0,0,9,0,.107,1.0,1.0,0.1,4,4,.500,0.2,0.2,0.5
16,Yoanki Mensia,ZAR,.440,.344,114.4,5.9,11.8,8.9,3.8,4.9,3.8,2.0,16.6,0.0,1.1,104.4,113.8,-9.5,19.9,11.0,Alero (SF),139,7,110.2,34,11,32,.344,0,5,.000,12,15,.800,5,10,15,3,8,2,2,16,154,0,0,0,0,0,0,0,10,0,.061,1.5,4.0,0.5,3,4,.429,0.0,0.1,0.1
13,Yunio Barrueta,LBC,.558,.538,161.6,2.0,10.6,6.1,5.5,3.5,1.1,0.0,20.2,0.5,1.2,115.3,124.2,-8.9,44.3,12.8,Alero (SF),25,8,190.7,91,31,78,.397,22,64,.344,7,8,.875,3,15,18,6,4,0,3,13,78,0,0,0,0,0,0,0,18,0,.157,2.0,1.3,0.1,2,6,.250,0.3,-0.1,0.2
33,Yves Pons,SJG,.375,.363,116.7,3.7,12.7,8.1,5.9,16.2,1.6,1.9,14.1,-2.8,0.8,74.9,112.7,-37.8,13.9,3.8,Ala-Pívot (PF),143,7,164.7,31,12,40,.300,5,25,.200,2,3,.667,5,16,21,5,5,3,8,16,134,0,0,0,0,0,0,0,10,0,.101,0.6,0.6,0.1,2,5,.286,-0.4,0.1,-0.3
20,Zoran Dragic,BBB,.469,.395,129.5,3.2,14.1,8.8,22.4,17.8,1.1,0.0,20.2,1.5,1.1,97.7,115.0,-17.3,41.0,9.3,Alero (SF),70,8,198.6,65,18,57,.316,9,34,.265,20,28,.714,5,23,28,27,4,0,15,18,46,0,0,0,0,0,0,0,14,0,.196,1.8,0.3,0.5,3,5,.375,-0.1,0.1,0.0
